{"is_source_file": true, "format": "Python", "description": "This file sets up a basic FastAPI application with CORS middleware and a health check endpoint.", "external_files": ["fastapi", "fastapi.middleware.cors"], "external_methods": ["FastAPI", "CORSMiddleware"], "published": [], "classes": [], "methods": [{"name": "health_check()", "description": "A simple GET endpoint '/' that returns a health status message.", "scope": "", "scopeKind": ""}], "calls": ["app.add_middleware"], "search-terms": ["FastAPI", "health check", "CORS middleware", "main.py"], "state": 2, "file_id": 1, "knowledge_revision": 7, "git_revision": "30732eebbbabd3865b027dfec8332c1a141cb7c1", "ctags": [{"_type": "tag", "name": "app", "path": "/home/kavia/workspace/code-generation/simple-to-do-list-201566-201608/todo_backend/src/api/main.py", "pattern": "/^app = FastAPI()$/", "language": "Python", "kind": "variable"}, {"_type": "tag", "name": "health_check", "path": "/home/kavia/workspace/code-generation/simple-to-do-list-201566-201608/todo_backend/src/api/main.py", "pattern": "/^def health_check():$/", "language": "Python", "kind": "function", "signature": "()"}], "hash": "58352bf5f133908bab16643199aa483d", "format-version": 4, "code-base-name": "todo_backend", "filename": "todo_backend/src/api/main.py", "fields": [{"name": "app = FastAPI()", "scope": "", "scopeKind": "", "description": "unavailable"}], "revision_history": [{"7": "30732eebbbabd3865b027dfec8332c1a141cb7c1"}]}